usage,time,price
0.08744545449999999,2024-01-31 00:00:00,19.96972
0.0878272727,2024-01-31 00:30:00,31.08
0.08807407410000001,2024-01-31 01:00:00,19.49877
0.0872181818,2024-01-31 01:30:00,18.57654
0.0869444444,2024-01-31 02:00:00,29.88491
0.0872818182,2024-01-31 02:30:00,20.97519
0.0870555556,2024-01-31 03:00:00,19.35126
0.0869272727,2024-01-31 03:30:00,19.79184
0.08704629629999999,2024-01-31 04:00:00,19.88542
0.08702727269999999,2024-01-31 04:30:00,21.50511
0.0850277778,2024-01-31 05:00:00,25.21081
0.1163818182,2024-01-31 05:30:00,28.59979
0.15493710200000002,2024-01-31 06:00:00,35.61934
0.1132601549,2024-01-31 06:30:00,24.27596
0.1163255814,2024-01-31 07:00:00,25.57158
0.1243222222,2024-01-31 07:30:00,19.47607
1.7705,2024-01-31 08:00:00,18.91901
1.7592946429,2024-01-31 08:30:00,17.20072
1.8065,2024-01-31 09:00:00,18.46278
1.8338369565000001,2024-01-31 09:30:00,36.91333
1.79483,2024-01-31 10:00:00,29.32064
1.2150943396,2024-01-31 10:30:00,16.15788
0.11820909090000001,2024-01-31 11:00:00,17.29195
0.1186018519,2024-01-31 11:30:00,26.06629
0.1230555556,2024-01-31 12:00:00,18.58087
0.1194727273,2024-01-31 12:30:00,15.84915
0.12171296300000001,2024-01-31 13:00:00,14.45534
0.11707407410000001,2024-01-31 13:30:00,14.1634
0.9036388889,2024-01-31 14:00:00,14.99652
1.8475555555999998,2024-01-31 14:30:00,15.08221
0.1197314815,2024-01-31 15:00:00,17.50855
0.1380092593,2024-01-31 15:30:00,11.98756
0.1198272727,2024-01-31 16:00:00,14.20193
0.1190673077,2024-01-31 16:30:00,14.21263
0.1214038462,2024-01-31 17:00:00,14.65508
0.1376272727,2024-01-31 17:30:00,15.28967
0.1103173077,2024-01-31 18:00:00,24.02004
0.0621730769,2024-01-31 18:30:00,31.6011
0.0933269231,2024-01-31 19:00:00,35.58054
0.10942727270000001,2024-01-31 19:30:00,23.59433
0.1148545455,2024-01-31 20:00:00,21.80541
0.1934537037,2024-01-31 20:30:00,23.70966
0.1221481481,2024-01-31 21:00:00,22.98842
0.0868818182,2024-01-31 21:30:00,24.20008
0.0874074074,2024-01-31 22:00:00,21.10899
0.0875185185,2024-01-31 22:30:00,28.09318
0.08806481479999999,2024-01-31 23:00:00,25.18072
0.0880363636,2024-01-31 23:30:00,17.54607
0.0879090909,2024-01-24 00:00:00,18.43194
0.0878679245,2024-01-24 00:30:00,18.47613
0.08832407410000001,2024-01-24 01:00:00,17.25858
0.0880181818,2024-01-24 01:30:00,17.02182
0.0877407407,2024-01-24 02:00:00,17.13747
0.0881132075,2024-01-24 02:30:00,15.9885
0.09032626369999999,2024-01-24 03:00:00,15.43256
0.0884351852,2024-01-24 03:30:00,15.86656
0.0884056604,2024-01-24 04:00:00,15.63073
0.08833018869999999,2024-01-24 04:30:00,16.02811
0.0881603774,2024-01-24 05:00:00,16.98118
0.13231481479999999,2024-01-24 05:30:00,17.50059
0.126916058,2024-01-24 06:00:00,18.24909
0.1163490566,2024-01-24 06:30:00,15.84732
1.7478962264,2024-01-24 07:00:00,15.47926
1.8149545455,2024-01-24 07:30:00,15.05068
1.8367019231,2024-01-24 08:00:00,14.35616
1.8200094340000001,2024-01-24 08:30:00,14.31887
1.8698090909,2024-01-24 09:00:00,13.55182
1.8713018868,2024-01-24 09:30:00,11.94764
0.3094245283,2024-01-24 10:00:00,12.6304
0.1176909091,2024-01-24 10:30:00,13.07072
0.12038679249999999,2024-01-24 11:00:00,13.90436
0.1207745098,2024-01-24 11:30:00,14.28489
0.11883018869999999,2024-01-24 12:00:00,13.85722
0.1200181818,2024-01-24 12:30:00,14.47219
0.11690384620000001,2024-01-24 13:00:00,14.0841
0.1165185185,2024-01-24 13:30:00,14.59263
0.1163962264,2024-01-24 14:00:00,14.55827
0.1135,2024-01-24 14:30:00,14.15976
0.1136603774,2024-01-24 15:00:00,13.78146
0.11249074070000001,2024-01-24 15:30:00,13.97839
0.1169433962,2024-01-24 16:00:00,15.78196
0.12272222220000001,2024-01-24 16:30:00,16.32534
0.1241415094,2024-01-24 17:00:00,20.991
0.1367636364,2024-01-24 17:30:00,17.74188
0.1174549631,2024-01-24 18:00:00,23.02636
0.20785034619999998,2024-01-24 18:30:00,115.90926
0.13239534860000002,2024-01-24 19:00:00,37.03126
0.273773491,2024-01-24 19:30:00,27.78806
0.19123315489999998,2024-01-24 20:00:00,24.45155
0.13022176400000002,2024-01-24 20:30:00,27.77746
0.0935644637,2024-01-24 21:00:00,21.98541
0.0871320755,2024-01-24 21:30:00,25.21086
0.0873518519,2024-01-24 22:00:00,19.76129
0.0884528302,2024-01-24 22:30:00,21.7437
0.08894545449999999,2024-01-24 23:00:00,18.74539
0.08910377359999999,2024-01-24 23:30:00,18.59456
0.6088135592999999,2024-01-21 00:00:00,30.20662
0.4007627119,2024-01-21 00:30:00,30.21371
0.2301083333,2024-01-21 01:00:00,25.67465
0.0879237288,2024-01-21 01:30:00,22.23419
0.08833333330000001,2024-01-21 02:00:00,18.2756
0.5926166667,2024-01-21 02:30:00,28.95894
0.41535,2024-01-21 03:00:00,24.25602
0.0889830508,2024-01-21 03:30:00,22.90049
0.088075,2024-01-21 04:00:00,19.99538
0.08855,2024-01-21 04:30:00,22.99728
0.0896416667,2024-01-21 05:00:00,18.33538
0.5193083332999999,2024-01-21 05:30:00,17.85932
0.25884166670000003,2024-01-21 06:00:00,17.65045
0.12777966100000002,2024-01-21 06:30:00,11.1071
2.5191500000000002,2024-01-21 07:00:00,8.19346
2.2146833333,2024-01-21 07:30:00,11.96606
2.0808135593,2024-01-21 08:00:00,12.13244
1.7902349202,2024-01-21 08:30:00,13.01594
1.8120036255,2024-01-21 09:00:00,13.32421
1.8351032186,2024-01-21 09:30:00,12.68647
2.2907583194,2024-01-21 10:00:00,13.06918
0.824983079,2024-01-21 10:30:00,12.48865
0.1417587662,2024-01-21 11:00:00,13.8342
1.4417651527,2024-01-21 11:30:00,13.93548
0.6471291142,2024-01-21 12:00:00,14.28832
0.1409803424,2024-01-21 12:30:00,14.51736
1.3369436370999999,2024-01-21 13:00:00,13.70123
1.2386984934,2024-01-21 13:30:00,13.24297
0.2191362757,2024-01-21 14:00:00,13.90473
1.1649552303000001,2024-01-21 14:30:00,15.24697
1.3398803442,2024-01-21 15:00:00,15.31043
0.1851455173,2024-01-21 15:30:00,26.12424
0.3859209192,2024-01-21 16:00:00,17.4051
0.7120976117,2024-01-21 16:30:00,18.89745
0.15581592509999997,2024-01-21 17:00:00,23.49962
0.8520071338999999,2024-01-21 17:30:00,25.72248
0.8683847449,2024-01-21 18:00:00,368.24333
0.8151382233000001,2024-01-21 18:30:00,1539.25052
0.1808118169,2024-01-21 19:00:00,1132.50146
0.1353735001,2024-01-21 19:30:00,205.34275
0.0879915254,2024-01-21 20:00:00,52.02066
0.968025,2024-01-21 20:30:00,51.36363
0.5565083333,2024-01-21 21:00:00,51.71336
0.2995333333,2024-01-21 21:30:00,44.94776
0.0878813559,2024-01-21 22:00:00,37.53745
0.25584166669999997,2024-01-21 22:30:00,40.54311
0.5259576270999999,2024-01-21 23:00:00,38.36895
0.0870083333,2024-01-21 23:30:00,31.93289
0.0866016949,2024-01-20 00:00:00,17.63916
0.0869915254,2024-01-20 00:30:00,17.701
0.08575,2024-01-20 01:00:00,16.60306
0.0869666667,2024-01-20 01:30:00,18.95582
0.0866583333,2024-01-20 02:00:00,29.33665
0.0864322034,2024-01-20 02:30:00,33.59234
0.086925,2024-01-20 03:00:00,23.2184
0.08689166670000001,2024-01-20 03:30:00,25.26214
0.08729166669999999,2024-01-20 04:00:00,27.02929
0.0873083333,2024-01-20 04:30:00,19.82002
0.0873983051,2024-01-20 05:00:00,18.8854
0.1029416667,2024-01-20 05:30:00,18.24507
0.1479067797,2024-01-20 06:00:00,17.63581
0.1145666667,2024-01-20 06:30:00,16.96696
1.7449416667,2024-01-20 07:00:00,14.05188
1.7438644068,2024-01-20 07:30:00,15.0212
1.7641842428,2024-01-20 08:00:00,14.99809
1.7965695923,2024-01-20 08:30:00,14.25079
1.809875,2024-01-20 09:00:00,14.15578
1.2461852034,2024-01-20 09:30:00,14.43166
0.13518710960000002,2024-01-20 10:00:00,16.67941
0.1445517573,2024-01-20 10:30:00,16.07024
0.1547201505,2024-01-20 11:00:00,15.62648
0.1491315842,2024-01-20 11:30:00,15.8393
0.1565246942,2024-01-20 12:00:00,15.55861
0.1578743179,2024-01-20 12:30:00,16.47878
0.1338106265,2024-01-20 13:00:00,15.06482
0.14498405080000001,2024-01-20 13:30:00,14.35862
0.1610761004,2024-01-20 14:00:00,15.80232
0.15289015079999999,2024-01-20 14:30:00,35.6471
0.1480405928,2024-01-20 15:00:00,17.00984
0.1607946579,2024-01-20 15:30:00,24.65174
0.1535094996,2024-01-20 16:00:00,18.0314
0.1607678665,2024-01-20 16:30:00,25.08833
0.14729166670000002,2024-01-20 17:00:00,27.07074
0.1678072833,2024-01-20 17:30:00,25.24057
0.817446025,2024-01-20 18:00:00,30.7838
1.7936437876,2024-01-20 18:30:00,45.67422
0.6917569941,2024-01-20 19:00:00,48.05141
0.1093333333,2024-01-20 19:30:00,42.06024
0.2501666667,2024-01-20 20:00:00,37.78054
0.6801083333,2024-01-20 20:30:00,31.62512
1.3346440678,2024-01-20 21:00:00,28.26307
0.7658166667,2024-01-20 21:30:00,31.27193
0.5731583333,2024-01-20 22:00:00,20.71829
0.5223416667,2024-01-20 22:30:00,34.49013
0.4359583333,2024-01-20 23:00:00,33.78637
0.4233166667,2024-01-20 23:30:00,25.98346
0.08750892860000001,2024-02-02 00:00:00,18.95024
0.0876509434,2024-02-02 00:30:00,19.76586
0.0871862745,2024-02-02 01:00:00,18.71245
0.08772115379999999,2024-02-02 01:30:00,25.06491
0.087627451,2024-02-02 02:00:00,26.88864
0.08783333330000001,2024-02-02 02:30:00,26.64086
0.08807407410000001,2024-02-02 03:00:00,19.13908
0.0877978723,2024-02-02 03:30:00,19.05261
0.0879134615,2024-02-02 04:00:00,25.80883
0.0875181818,2024-02-02 04:30:00,18.73392
0.08729629629999999,2024-02-02 05:00:00,18.81046
0.1155377358,2024-02-02 05:30:00,24.95083
0.140037037,2024-02-02 06:00:00,20.22345
0.1169811321,2024-02-02 06:30:00,16.27734
0.15058467709999998,2024-02-02 07:00:00,13.00812
0.1476553063,2024-02-02 07:30:00,12.09094
1.7602419387,2024-02-02 08:00:00,11.61628
1.7992725577000002,2024-02-02 08:30:00,15.37149
1.8336188038,2024-02-02 09:00:00,8.05092
1.822264554,2024-02-02 09:30:00,7.67106
1.7783207528999998,2024-02-02 10:00:00,10.98962
1.0652368151,2024-02-02 10:30:00,11.12932
0.1268814808,2024-02-02 11:00:00,9.39454
0.1170943396,2024-02-02 11:30:00,7.42475
0.1163584906,2024-02-02 12:00:00,13.14594
0.1159722222,2024-02-02 12:30:00,14.54998
0.1256226415,2024-02-02 13:00:00,16.62677
0.1894528302,2024-02-02 13:30:00,16.59524
1.8252843136999999,2024-02-02 14:00:00,15.49596
0.8400576922999999,2024-02-02 14:30:00,16.00204
0.1201226415,2024-02-02 15:00:00,15.85982
0.11286111110000001,2024-02-02 15:30:00,17.68252
0.1117941176,2024-02-02 16:00:00,16.41386
0.1102946429,2024-02-02 16:30:00,30.00234
0.1141346154,2024-02-02 17:00:00,28.74279
0.214152278,2024-02-02 17:30:00,27.72166
0.2479307717,2024-02-02 18:00:00,41.4904
0.263675655,2024-02-02 18:30:00,55.6258
0.2727174994,2024-02-02 19:00:00,119.4768
0.1103679245,2024-02-02 19:30:00,48.77458
0.1729519231,2024-02-02 20:00:00,48.94119
0.1710686275,2024-02-02 20:30:00,49.33389
0.1065,2024-02-02 21:00:00,41.05735
0.08616666669999999,2024-02-02 21:30:00,39.87053
0.08591666669999999,2024-02-02 22:00:00,24.6623
0.0872307692,2024-02-02 22:30:00,42.13873
0.08731132080000001,2024-02-02 23:00:00,43.07138
0.0868627451,2024-02-02 23:30:00,31.0686
0.0886833333,2024-01-19 00:00:00,19.21982
0.08855,2024-01-19 00:30:00,18.72408
0.0884830508,2024-01-19 01:00:00,18.3247
0.0876583333,2024-01-19 01:30:00,18.12021
0.0879666667,2024-01-19 02:00:00,18.57162
0.08785,2024-01-19 02:30:00,18.68164
0.0879083333,2024-01-19 03:00:00,18.41326
0.0879322034,2024-01-19 03:30:00,18.41424
0.087825,2024-01-19 04:00:00,18.2608
0.08805,2024-01-19 04:30:00,19.20506
0.091225,2024-01-19 05:00:00,18.72408
0.1249583333,2024-01-19 05:30:00,18.90506
0.1371694915,2024-01-19 06:00:00,17.21302
0.11775,2024-01-19 06:30:00,17.60689
1.7347583333,2024-01-19 07:00:00,16.15883
1.7545338982999998,2024-01-19 07:30:00,15.39843
1.7984016621999999,2024-01-19 08:00:00,14.42964
1.8265100098,2024-01-19 08:30:00,16.61407
1.8045734111,2024-01-19 09:00:00,11.51428
1.7733243449,2024-01-19 09:30:00,11.61121
1.7891499043999999,2024-01-19 10:00:00,9.55487
0.6579805978000001,2024-01-19 10:30:00,12.06662
0.1262969409,2024-01-19 11:00:00,12.19
0.1172583333,2024-01-19 11:30:00,13.18678
0.1210295497,2024-01-19 12:00:00,13.53064
0.1229633664,2024-01-19 12:30:00,19.09465
0.1285997758,2024-01-19 13:00:00,14.33364
0.1274670423,2024-01-19 13:30:00,20.54509
0.1285757257,2024-01-19 14:00:00,21.21419
0.1289928585,2024-01-19 14:30:00,17.36749
0.1256318333,2024-01-19 15:00:00,18.90152
0.1244684493,2024-01-19 15:30:00,18.824
0.1216649413,2024-01-19 16:00:00,37.29228
0.1380222033,2024-01-19 16:30:00,24.60706
0.2046878838,2024-01-19 17:00:00,41.95046
0.2269388067,2024-01-19 17:30:00,97.05516
0.2398403158,2024-01-19 18:00:00,515.00358
0.13363427530000002,2024-01-19 18:30:00,357.47593
0.0857583333,2024-01-19 19:00:00,1247.70448
0.08501666670000001,2024-01-19 19:30:00,399.34407
0.0859491525,2024-01-19 20:00:00,64.47192
0.0849491525,2024-01-19 20:30:00,34.42379
0.085,2024-01-19 21:00:00,23.43041
0.0859333333,2024-01-19 21:30:00,24.52207
0.0857711864,2024-01-19 22:00:00,32.47668
0.0858416667,2024-01-19 22:30:00,29.23237
0.0863083333,2024-01-19 23:00:00,35.05733
0.087075,2024-01-19 23:30:00,19.8808
0.0868125,2024-02-03 00:00:00,29.94837
0.08720370370000001,2024-02-03 00:30:00,22.877
0.0873545455,2024-02-03 01:00:00,20.4942
0.0875,2024-02-03 01:30:00,20.91168
0.08741509430000001,2024-02-03 02:00:00,19.05918
0.0880555556,2024-02-03 02:30:00,23.70263
0.0882053571,2024-02-03 03:00:00,18.93822
0.0880849057,2024-02-03 03:30:00,19.80859
0.0878660714,2024-02-03 04:00:00,18.76153
0.0876132075,2024-02-03 04:30:00,19.13461
0.088,2024-02-03 05:00:00,18.59195
0.1125188679,2024-02-03 05:30:00,19.53956
0.1420185185,2024-02-03 06:00:00,18.99008
0.1307909091,2024-02-03 06:30:00,15.46483
0.1510268234,2024-02-03 07:00:00,12.22789
0.14697385940000002,2024-02-03 07:30:00,11.93114
1.7002714183999998,2024-02-03 08:00:00,11.5844
3.3100380688,2024-02-03 08:30:00,9.6316
3.1322924528,2024-02-03 09:00:00,12.70591
2.605990566,2024-02-03 09:30:00,13.53775
2.0191252805,2024-02-03 10:00:00,11.31199
2.4713364012000003,2024-02-03 10:30:00,10.30401
0.193656928,2024-02-03 11:00:00,11.32596
0.9234025137999999,2024-02-03 11:30:00,11.41999
0.2713998178,2024-02-03 12:00:00,11.75598
0.8056758982,2024-02-03 12:30:00,13.08819
0.1306944803,2024-02-03 13:00:00,13.9212
1.2509939305,2024-02-03 13:30:00,13.41139
2.0330201212,2024-02-03 14:00:00,13.35057
1.0295236536,2024-02-03 14:30:00,13.61693
0.7243863636,2024-02-03 15:00:00,13.4369
0.4054591837,2024-02-03 15:30:00,16.38045
0.7155288462,2024-02-03 16:00:00,15.75093
0.3351481481,2024-02-03 16:30:00,17.53175
0.5586363636,2024-02-03 17:00:00,17.9091
0.1221090909,2024-02-03 17:30:00,18.44046
0.6815268353,2024-02-03 18:00:00,26.66496
0.24097291480000002,2024-02-03 18:30:00,42.02306
0.12034357500000001,2024-02-03 19:00:00,48.60323
0.855011062,2024-02-03 19:30:00,39.15545
0.0994459905,2024-02-03 20:00:00,31.75508
0.0969722222,2024-02-03 20:30:00,28.03109
0.0908703704,2024-02-03 21:00:00,23.77038
0.086490566,2024-02-03 21:30:00,25.03278
0.0838333333,2024-02-03 22:00:00,24.28244
0.0845192308,2024-02-03 22:30:00,25.04666
0.0847924528,2024-02-03 23:00:00,20.48708
0.08416981130000001,2024-02-03 23:30:00,19.50025
0.25748000000000004,2024-01-17 14:30:00,15.72721
0.0120583333,2024-01-17 15:00:00,17.90573
0.0,2024-01-17 15:30:00,15.57312
0.12913827090000002,2024-01-17 16:00:00,22.50991
0.1165207583,2024-01-17 16:30:00,21.32533
0.1350833333,2024-01-17 17:00:00,23.7238
0.3607916667,2024-01-17 17:30:00,22.14665
1.7667833333,2024-01-17 18:00:00,25.75473
0.1979833333,2024-01-17 18:30:00,52.83943
0.0143481269,2024-01-17 19:00:00,110.43141
0.0719156339,2024-01-17 19:30:00,71.8829
0.0,2024-01-17 20:00:00,28.82123
0.0,2024-01-17 20:30:00,25.56565
0.0,2024-01-17 21:00:00,24.57425
0.0,2024-01-17 21:30:00,24.40379
0.0,2024-01-17 22:00:00,22.60943
0.0,2024-01-17 22:30:00,21.70465
0.0,2024-01-17 23:00:00,20.12226
0.0,2024-01-17 23:30:00,19.24024
0.0853888889,2024-02-06 00:00:00,22.51249
0.0849181818,2024-02-06 00:30:00,20.88208
0.08642592589999999,2024-02-06 01:00:00,20.60528
0.086787037,2024-02-06 01:30:00,21.38833
0.0874,2024-02-06 02:00:00,20.08396
0.0870092593,2024-02-06 02:30:00,18.98457
0.0874907407,2024-02-06 03:00:00,19.04486
0.08693636360000001,2024-02-06 03:30:00,18.74422
0.0868,2024-02-06 04:00:00,19.0456
0.0866454545,2024-02-06 04:30:00,20.71863
0.0867777778,2024-02-06 05:00:00,21.96205
0.12972727269999998,2024-02-06 05:30:00,23.20164
0.15956481479999998,2024-02-06 06:00:00,27.37931
0.1150277778,2024-02-06 06:30:00,25.39703
0.1069802558,2024-02-06 07:00:00,17.84014
0.1219806591,2024-02-06 07:30:00,17.55377
1.8310600938,2024-02-06 08:00:00,15.97312
1.8098488919,2024-02-06 08:30:00,14.29174
1.8242937695,2024-02-06 09:00:00,13.6531
1.8266364291,2024-02-06 09:30:00,16.32497
1.8003875334,2024-02-06 10:00:00,15.12421
1.369070276,2024-02-06 10:30:00,15.12139
0.1242584036,2024-02-06 11:00:00,17.51384
0.1294556855,2024-02-06 11:30:00,18.48842
0.1293053773,2024-02-06 12:00:00,13.8748
0.1150754717,2024-02-06 12:30:00,16.56368
0.1090754717,2024-02-06 13:00:00,19.17003
0.11098181820000001,2024-02-06 13:30:00,23.87836
0.10869444439999999,2024-02-06 14:00:00,13.44653
0.6233846154,2024-02-06 14:30:00,16.67321
0.6947021277000001,2024-02-06 15:00:00,15.93065
2.040377551,2024-02-06 15:30:00,15.23029
2.0012735849,2024-02-06 16:00:00,16.8384
1.409254717,2024-02-06 16:30:00,30.68872
0.154009434,2024-02-06 17:00:00,30.09023
0.25037729400000003,2024-02-06 17:30:00,49.27484
0.2726548871,2024-02-06 18:00:00,53.91236
0.2809500653,2024-02-06 18:30:00,53.78038
0.26220148050000003,2024-02-06 19:00:00,53.5216
0.1709787234,2024-02-06 19:30:00,52.96887
0.1857641509,2024-02-06 20:00:00,51.70238
0.13837735850000002,2024-02-06 20:30:00,47.1353
1.2103018868,2024-02-06 21:00:00,34.24494
0.79618,2024-02-06 21:30:00,35.4431
0.17009259259999998,2024-02-06 22:00:00,32.21489
0.0858396226,2024-02-06 22:30:00,36.07182
0.0857358491,2024-02-06 23:00:00,21.74947
0.0863611111,2024-02-06 23:30:00,17.73418
0.08545192310000001,2024-01-27 00:00:00,21.33964
0.0856454545,2024-01-27 00:30:00,22.07148
0.08586,2024-01-27 01:00:00,17.94853
0.0863173077,2024-01-27 01:30:00,17.5672
0.0864423077,2024-01-27 02:00:00,19.53852
0.0865660377,2024-01-27 02:30:00,18.13212
0.0864722222,2024-01-27 03:00:00,17.8171
0.0867075472,2024-01-27 03:30:00,17.4893
0.08678301890000001,2024-01-27 04:00:00,17.38994
0.08671,2024-01-27 04:30:00,17.52638
0.0874339623,2024-01-27 05:00:00,18.10834
0.1186826923,2024-01-27 05:30:00,19.785
0.1323828115,2024-01-27 06:00:00,17.63065
0.1113371675,2024-01-27 06:30:00,15.96229
0.11182780689999999,2024-01-27 07:00:00,12.6668
0.7865044149,2024-01-27 07:30:00,14.09567
1.7344323849,2024-01-27 08:00:00,14.78528
2.9278209698,2024-01-27 08:30:00,14.5217
2.3581052337,2024-01-27 09:00:00,14.09885
1.8968650118000001,2024-01-27 09:30:00,15.30192
2.8370332584,2024-01-27 10:00:00,15.03998
1.1713523866,2024-01-27 10:30:00,17.7769
1.2787854327,2024-01-27 11:00:00,15.43539
1.0427730908000001,2024-01-27 11:30:00,15.85481
0.6075141404,2024-01-27 12:00:00,16.22554
0.1288229436,2024-01-27 12:30:00,22.2039
0.3128173077,2024-01-27 13:00:00,14.7939
1.1649230769,2024-01-27 13:30:00,21.74317
1.4842647059,2024-01-27 14:00:00,15.51936
2.7349245283,2024-01-27 14:30:00,25.68703
0.2419615385,2024-01-27 15:00:00,13.12813
1.9786509434,2024-01-27 15:30:00,12.12903
0.5259897959,2024-01-27 16:00:00,14.28367
1.3780919535,2024-01-27 16:30:00,15.51475
1.8429354858,2024-01-27 17:00:00,15.98306
0.5222867892,2024-01-27 17:30:00,20.95491
0.1570743179,2024-01-27 18:00:00,180.3552
0.16767160949999999,2024-01-27 18:30:00,1518.03149
0.08595192310000001,2024-01-27 19:00:00,461.68909
0.08658333330000001,2024-01-27 19:30:00,64.11608
1.2864903846,2024-01-27 20:00:00,46.60845
0.5295980392,2024-01-27 20:30:00,34.11778
0.0850092593,2024-01-27 21:00:00,33.3063
0.0851037736,2024-01-27 21:30:00,39.9618
0.5228061224,2024-01-27 22:00:00,29.57999
0.2128461538,2024-01-27 22:30:00,50.31371
0.085625,2024-01-27 23:00:00,46.51285
0.08531,2024-01-27 23:30:00,39.26757
0.0866481481,2024-02-05 00:00:00,18.63352
0.08707547169999999,2024-02-05 00:30:00,22.95662
0.08745370370000001,2024-02-05 01:00:00,20.44431
0.08782075469999999,2024-02-05 01:30:00,17.87957
0.086877551,2024-02-05 02:00:00,17.93704
0.0868173077,2024-02-05 02:30:00,21.0615
0.08708333330000001,2024-02-05 03:00:00,20.74971
0.0871981132,2024-02-05 03:30:00,19.76819
0.0872884615,2024-02-05 04:00:00,18.78199
0.08616981130000001,2024-02-05 04:30:00,18.53883
0.0872735849,2024-02-05 05:00:00,19.41865
0.1518518519,2024-02-05 05:30:00,22.87507
0.1410096154,2024-02-05 06:00:00,26.036
0.1199807692,2024-02-05 06:30:00,31.56913
0.1437043622,2024-02-05 07:00:00,24.32824
0.2203285999,2024-02-05 07:30:00,21.93414
1.780886415,2024-02-05 08:00:00,23.15521
1.7853703704,2024-02-05 08:30:00,20.15578
1.8083711705999999,2024-02-05 09:00:00,18.09367
1.8413684670000001,2024-02-05 09:30:00,13.35629
1.8172293818999998,2024-02-05 10:00:00,12.36465
1.810820066,2024-02-05 10:30:00,13.98604
0.1937964432,2024-02-05 11:00:00,10.5308
0.13043519839999998,2024-02-05 11:30:00,10.55874
0.1305173881,2024-02-05 12:00:00,13.06969
0.12830268849999998,2024-02-05 12:30:00,11.88011
0.12585235849999998,2024-02-05 13:00:00,7.64764
0.11176923080000001,2024-02-05 13:30:00,12.57671
0.11040566040000001,2024-02-05 14:00:00,13.06551
1.4065566038,2024-02-05 14:30:00,16.72532
0.1164423077,2024-02-05 15:00:00,23.67773
1.0180283019,2024-02-05 15:30:00,12.96325
1.9761481481,2024-02-05 16:00:00,23.24315
1.8063137255,2024-02-05 16:30:00,36.38695
0.1369245283,2024-02-05 17:00:00,37.15418
0.16043396229999998,2024-02-05 17:30:00,30.19645
0.22987175980000002,2024-02-05 18:00:00,34.28386
0.2615304921,2024-02-05 18:30:00,58.75444
0.2983695863,2024-02-05 19:00:00,211.29272
0.19343979479999998,2024-02-05 19:30:00,51.35378
0.22185352889999999,2024-02-05 20:00:00,35.47432
0.6344959803000001,2024-02-05 20:30:00,32.69685
1.1665754717,2024-02-05 21:00:00,28.44963
0.1991132075,2024-02-05 21:30:00,25.88673
0.0842777778,2024-02-05 22:00:00,22.70152
0.1397636364,2024-02-05 22:30:00,21.17554
0.5321296296000001,2024-02-05 23:00:00,21.14337
0.0848584906,2024-02-05 23:30:00,20.39088
0.08708333330000001,2024-01-23 00:00:00,16.61051
0.0879230769,2024-01-23 00:30:00,15.62604
0.0876346154,2024-01-23 01:00:00,16.77709
0.087245283,2024-01-23 01:30:00,15.00428
0.08732407410000001,2024-01-23 02:00:00,14.75476
0.0876851852,2024-01-23 02:30:00,16.22611
0.08766666669999999,2024-01-23 03:00:00,17.58073
0.08757547169999999,2024-01-23 03:30:00,15.36657
0.0875555556,2024-01-23 04:00:00,15.45398
0.0879090909,2024-01-23 04:30:00,16.03334
0.0877222222,2024-01-23 05:00:00,17.18608
0.1143796296,2024-01-23 05:30:00,18.71522
0.1593981481,2024-01-23 06:00:00,18.88637
0.1138584906,2024-01-23 06:30:00,18.33752
1.8529381032999999,2024-01-23 07:00:00,14.45672
1.8117838934,2024-01-23 07:30:00,16.47731
1.7873008734,2024-01-23 08:00:00,16.98176
1.8078325308,2024-01-23 08:30:00,14.72275
1.7765925926,2024-01-23 09:00:00,15.19317
1.7641759259,2024-01-23 09:30:00,14.59307
1.2019255292,2024-01-23 10:00:00,13.63244
0.12385251820000001,2024-01-23 10:30:00,14.41946
0.12193299070000001,2024-01-23 11:00:00,16.7436
0.1143797778,2024-01-23 11:30:00,15.33519
0.9842388239000001,2024-01-23 12:00:00,14.33891
1.5601771353,2024-01-23 12:30:00,16.46158
0.11443396230000001,2024-01-23 13:00:00,14.84323
0.1166509434,2024-01-23 13:30:00,14.30631
0.1231886792,2024-01-23 14:00:00,14.43382
0.11841509430000001,2024-01-23 14:30:00,14.94483
0.1205740741,2024-01-23 15:00:00,13.93653
0.1315980392,2024-01-23 15:30:00,13.75476
0.129754717,2024-01-23 16:00:00,14.1403
0.1373148148,2024-01-23 16:30:00,15.45585
0.152254717,2024-01-23 17:00:00,15.51921
0.0994811321,2024-01-23 17:30:00,15.25737
0.0901337869,2024-01-23 18:00:00,18.44814
0.08745370370000001,2024-01-23 18:30:00,29.10181
0.09917183040000001,2024-01-23 19:00:00,35.07711
0.11574476369999999,2024-01-23 19:30:00,24.91832
0.1107823611,2024-01-23 20:00:00,22.19496
0.2078928571,2024-01-23 20:30:00,20.22718
0.2636504804,2024-01-23 21:00:00,19.69973
0.0857777778,2024-01-23 21:30:00,19.73764
0.0878018868,2024-01-23 22:00:00,19.29073
0.0883392857,2024-01-23 22:30:00,18.85212
0.0881826923,2024-01-23 23:00:00,18.93045
0.0878454545,2024-01-23 23:30:00,19.25893
0.0851909091,2024-02-07 00:00:00,21.3993
0.08442592589999999,2024-02-07 00:30:00,17.59284
0.0857363636,2024-02-07 01:00:00,18.04114
0.08595370370000001,2024-02-07 01:30:00,18.03848
0.0864272727,2024-02-07 02:00:00,19.305
0.0862115385,2024-02-07 02:30:00,18.18365
0.08657547169999999,2024-02-07 03:00:00,18.74593
0.08691509430000001,2024-02-07 03:30:00,18.76392
0.0863773585,2024-02-07 04:00:00,19.63451
0.0863909091,2024-02-07 04:30:00,19.77158
0.086212963,2024-02-07 05:00:00,18.18431
0.09143269229999999,2024-02-07 05:30:00,28.49835
0.062745283,2024-02-07 06:00:00,32.64315
0.12881132080000002,2024-02-07 06:30:00,29.29553
0.1293152263,2024-02-07 07:00:00,15.40963
0.1659059257,2024-02-07 07:30:00,15.4786
1.8193488863,2024-02-07 08:00:00,14.51882
1.7708837515,2024-02-07 08:30:00,14.56533
1.7760869348000001,2024-02-07 09:00:00,11.71998
1.817220558,2024-02-07 09:30:00,9.0418
1.7614971337,2024-02-07 10:00:00,8.25876
1.7895947888000001,2024-02-07 10:30:00,12.07223
0.1930507563,2024-02-07 11:00:00,13.57739
0.13045144379999998,2024-02-07 11:30:00,14.50807
0.12902285689999998,2024-02-07 12:00:00,13.82452
0.1277940947,2024-02-07 12:30:00,12.20988
0.1157307692,2024-02-07 13:00:00,11.65827
0.1240283019,2024-02-07 13:30:00,15.66922
1.0724607842999998,2024-02-07 14:00:00,22.34595
1.65559,2024-02-07 14:30:00,16.27917
0.1170185185,2024-02-07 15:00:00,15.52041
0.1094166667,2024-02-07 15:30:00,18.53055
0.112490566,2024-02-07 16:00:00,18.76853
0.1128301887,2024-02-07 16:30:00,16.16588
0.1268703704,2024-02-07 17:00:00,15.52981
0.13288679250000002,2024-02-07 17:30:00,18.43392
0.1173148148,2024-02-07 18:00:00,21.51282
0.2400483954,2024-02-07 18:30:00,23.1883
0.2075928511,2024-02-07 19:00:00,32.52138
0.19884259259999998,2024-02-07 19:30:00,20.57495
0.19962037040000002,2024-02-07 20:00:00,19.54192
0.2038823529,2024-02-07 20:30:00,17.60505
0.104875,2024-02-07 21:00:00,18.29091
0.0849722222,2024-02-07 21:30:00,18.41523
0.08475,2024-02-07 22:00:00,16.98869
0.0866851852,2024-02-07 22:30:00,16.20461
0.0869433962,2024-02-07 23:00:00,16.03085
0.0869716981,2024-02-07 23:30:00,16.36861
0.0853055556,2024-01-26 00:00:00,16.75618
0.08616981130000001,2024-01-26 00:30:00,19.24106
0.0863181818,2024-01-26 01:00:00,16.80754
0.08670192310000001,2024-01-26 01:30:00,16.36035
0.0863703704,2024-01-26 02:00:00,15.38627
0.0860096154,2024-01-26 02:30:00,15.58665
0.0862407407,2024-01-26 03:00:00,15.19778
0.0863962264,2024-01-26 03:30:00,15.48814
0.086745283,2024-01-26 04:00:00,14.94727
0.0862358491,2024-01-26 04:30:00,15.51539
0.0866454545,2024-01-26 05:00:00,16.66827
0.1188391854,2024-01-26 05:30:00,14.44144
0.1080366136,2024-01-26 06:00:00,13.14893
0.15008624169999998,2024-01-26 06:30:00,7.97625
0.5773780528,2024-01-26 07:00:00,7.44484
0.6835562145,2024-01-26 07:30:00,10.50162
2.1223741842,2024-01-26 08:00:00,10.94275
1.7810532249,2024-01-26 08:30:00,12.28813
2.1305865571,2024-01-26 09:00:00,12.28512
2.4946060722000003,2024-01-26 09:30:00,20.94018
1.7389433179,2024-01-26 10:00:00,15.11966
2.1543735126000003,2024-01-26 10:30:00,13.83121
2.0218218022000003,2024-01-26 11:00:00,14.11065
0.46687985200000004,2024-01-26 11:30:00,17.49499
0.1315714289,2024-01-26 12:00:00,13.96096
0.9842445054,2024-01-26 12:30:00,12.70244
0.6140807069,2024-01-26 13:00:00,15.11891
2.0432521857,2024-01-26 13:30:00,12.34685
0.31643396230000004,2024-01-26 14:00:00,14.13061
0.7560833333000001,2024-01-26 14:30:00,16.29693
0.6966111111000001,2024-01-26 15:00:00,12.52368
0.1276792453,2024-01-26 15:30:00,13.42132
0.171287037,2024-01-26 16:00:00,16.54782
0.8007714522,2024-01-26 16:30:00,17.14811
0.12250925929999999,2024-01-26 17:00:00,18.19685
0.13298009260000002,2024-01-26 17:30:00,22.39432
0.1155247725,2024-01-26 18:00:00,27.61887
0.3355476256,2024-01-26 18:30:00,49.50054
0.2169058555,2024-01-26 19:00:00,318.02097
0.0998388583,2024-01-26 19:30:00,47.23601
0.0948755555,2024-01-26 20:00:00,26.65966
0.1708279724,2024-01-26 20:30:00,29.06132
0.23020083589999998,2024-01-26 21:00:00,32.46534
0.1545019534,2024-01-26 21:30:00,41.81016
0.1608527985,2024-01-26 22:00:00,33.55437
0.0855,2024-01-26 22:30:00,31.44601
0.08587962960000001,2024-01-26 23:00:00,29.93154
0.08593137249999999,2024-01-26 23:30:00,22.61171
0.0881296296,2024-02-01 00:00:00,17.94226
0.0884181818,2024-02-01 00:30:00,16.59309
0.0881454545,2024-02-01 01:00:00,17.34215
0.0876851852,2024-02-01 01:30:00,16.88871
0.0878272727,2024-02-01 02:00:00,17.60157
0.08832407410000001,2024-02-01 02:30:00,17.13334
0.0879818182,2024-02-01 03:00:00,16.55523
0.0880555556,2024-02-01 03:30:00,16.85348
0.0878272727,2024-02-01 04:00:00,16.19007
0.0873425926,2024-02-01 04:30:00,18.15945
0.087212963,2024-02-01 05:00:00,18.43038
0.1297037037,2024-02-01 05:30:00,19.57554
0.1320227273,2024-02-01 06:00:00,20.63443
0.1167906977,2024-02-01 06:30:00,18.31515
0.11241346149999999,2024-02-01 07:00:00,15.46639
0.1197264151,2024-02-01 07:30:00,16.24644
1.7691037736000002,2024-02-01 08:00:00,14.37903
1.7858796296000001,2024-02-01 08:30:00,14.25486
1.8386792453,2024-02-01 09:00:00,13.8946
1.8319456522,2024-02-01 09:30:00,16.11535
1.8110740741,2024-02-01 10:00:00,14.41164
1.5824255318999998,2024-02-01 10:30:00,14.06085
0.1448727273,2024-02-01 11:00:00,14.50506
0.13372222220000002,2024-02-01 11:30:00,14.10747
0.12941666670000002,2024-02-01 12:00:00,13.97145
0.12554545450000001,2024-02-01 12:30:00,15.08818
0.1252181818,2024-02-01 13:00:00,14.4338
1.7836574074,2024-02-01 13:30:00,12.63339
0.829,2024-02-01 14:00:00,12.94547
0.11833333330000001,2024-02-01 14:30:00,12.98812
0.127,2024-02-01 15:00:00,14.65511
0.1403529412,2024-02-01 15:30:00,15.90433
0.1384351852,2024-02-01 16:00:00,18.55569
0.1383272727,2024-02-01 16:30:00,18.89333
0.1453181818,2024-02-01 17:00:00,31.00403
0.20609987359999998,2024-02-01 17:30:00,27.02186
0.2191418322,2024-02-01 18:00:00,50.37202
0.2469128854,2024-02-01 18:30:00,51.99312
0.21359862380000003,2024-02-01 19:00:00,49.25986
0.1392459523,2024-02-01 19:30:00,35.428
0.1210699901,2024-02-01 20:00:00,27.74984
0.0932314815,2024-02-01 20:30:00,28.26373
0.08618867919999999,2024-02-01 21:00:00,24.5452
0.0871944444,2024-02-01 21:30:00,24.15597
0.0865192308,2024-02-01 22:00:00,24.37748
0.0869444444,2024-02-01 22:30:00,23.11354
0.0871388889,2024-02-01 23:00:00,22.80321
0.08781372550000001,2024-02-01 23:30:00,23.63495
0.08715384620000001,2024-01-30 00:00:00,33.61574
0.0871037736,2024-01-30 00:30:00,34.55962
0.0868431373,2024-01-30 01:00:00,32.81016
0.08681481479999999,2024-01-30 01:30:00,25.21591
0.0870660377,2024-01-30 02:00:00,20.59726
0.08752941180000001,2024-01-30 02:30:00,18.94705
0.0871132075,2024-01-30 03:00:00,17.61823
0.0867403846,2024-01-30 03:30:00,18.61227
0.1022399901,2024-01-30 04:00:00,17.26186
0.111695875,2024-01-30 04:30:00,18.1571
0.0848207547,2024-01-30 05:00:00,19.90553
0.0849433962,2024-01-30 05:30:00,24.80574
0.1322407407,2024-01-30 06:00:00,26.75376
0.10774697009999999,2024-01-30 06:30:00,42.03108
0.0966935277,2024-01-30 07:00:00,38.7555
0.1325507162,2024-01-30 07:30:00,23.31287
1.7664743114,2024-01-30 08:00:00,30.0854
1.7968425926,2024-01-30 08:30:00,29.85973
1.7707535752999999,2024-01-30 09:00:00,20.36609
2.4441926549,2024-01-30 09:30:00,24.02535
1.8577138004,2024-01-30 10:00:00,21.57124
1.3511570671,2024-01-30 10:30:00,18.68297
0.8422024783000001,2024-01-30 11:00:00,16.19791
0.1281313667,2024-01-30 11:30:00,18.56041
0.1357448982,2024-01-30 12:00:00,15.82469
0.8551320726,2024-01-30 12:30:00,18.8854
0.1259146081,2024-01-30 13:00:00,20.40487
2.4515931601000003,2024-01-30 13:30:00,19.92314
0.7886583333999999,2024-01-30 14:00:00,20.21169
0.6965223612,2024-01-30 14:30:00,19.06851
0.1632030761,2024-01-30 15:00:00,18.26362
0.1836603774,2024-01-30 15:30:00,15.6293
0.6635490195999999,2024-01-30 16:00:00,16.80435
0.1129431818,2024-01-30 16:30:00,18.91309
0.169125,2024-01-30 17:00:00,19.89247
0.8606636364,2024-01-30 17:30:00,15.2162
0.26841666670000003,2024-01-30 18:00:00,19.16037
0.1580202219,2024-01-30 18:30:00,32.38368
0.1118820769,2024-01-30 19:00:00,41.80714
0.0990272727,2024-01-30 19:30:00,29.33947
0.3323518519,2024-01-30 20:00:00,34.74402
0.1034818182,2024-01-30 20:30:00,25.94653
0.2207222222,2024-01-30 21:00:00,24.74684
0.5212363636,2024-01-30 21:30:00,26.17332
0.0861981132,2024-01-30 22:00:00,24.3571
0.086254902,2024-01-30 22:30:00,30.85534
0.0868272727,2024-01-30 23:00:00,30.36609
0.0871111111,2024-01-30 23:30:00,33.85417
0.0837,2024-02-04 00:00:00,18.20952
0.0837314815,2024-02-04 00:30:00,17.07941
0.0837727273,2024-02-04 01:00:00,18.01359
0.0846574074,2024-02-04 01:30:00,17.25572
0.0849636364,2024-02-04 02:00:00,16.41886
0.0856363636,2024-02-04 02:30:00,16.28536
0.08587037039999999,2024-02-04 03:00:00,16.75276
0.0863363636,2024-02-04 03:30:00,16.50674
0.086287037,2024-02-04 04:00:00,15.92726
0.08579090909999999,2024-02-04 04:30:00,16.37615
0.0859074074,2024-02-04 05:00:00,17.317
0.0860925926,2024-02-04 05:30:00,18.16543
0.1153818182,2024-02-04 06:00:00,17.19418
0.1551018519,2024-02-04 06:30:00,13.90955
0.1170771192,2024-02-04 07:00:00,11.24568
0.15360073449999997,2024-02-04 07:30:00,9.27963
1.6766285205,2024-02-04 08:00:00,8.2953
1.7348513552,2024-02-04 08:30:00,6.06265
1.7857588489,2024-02-04 09:00:00,7.04233
1.7718118781,2024-02-04 09:30:00,11.86026
1.8803990234,2024-02-04 10:00:00,12.45754
1.9553971072,2024-02-04 10:30:00,12.81945
0.5445340909,2024-02-04 11:00:00,12.64688
0.9496739129999999,2024-02-04 11:30:00,13.24022
0.3593796296,2024-02-04 12:00:00,13.02053
0.1292264151,2024-02-04 12:30:00,13.93783
1.7085104167,2024-02-04 13:00:00,14.20895
2.2604811321000002,2024-02-04 13:30:00,12.68018
1.7801132075000001,2024-02-04 14:00:00,16.20294
1.8163703704,2024-02-04 14:30:00,22.18992
0.1222045455,2024-02-04 15:00:00,24.92815
0.12517307689999999,2024-02-04 15:30:00,23.28921
0.8631153845999999,2024-02-04 16:00:00,17.56977
0.4573981481,2024-02-04 16:30:00,22.67677
0.1461634615,2024-02-04 17:00:00,23.48536
0.1636856061,2024-02-04 17:30:00,18.14319
0.2521817316,2024-02-04 18:00:00,32.01302
0.27989235209999996,2024-02-04 18:30:00,49.00278
0.2838151109,2024-02-04 19:00:00,52.4103
0.18803284039999998,2024-02-04 19:30:00,50.53258
0.1036634615,2024-02-04 20:00:00,49.19811
0.0900185185,2024-02-04 20:30:00,44.32536
0.083625,2024-02-04 21:00:00,32.6268
0.0852592593,2024-02-04 21:30:00,23.14901
0.08540384620000001,2024-02-04 22:00:00,22.33378
0.0850673077,2024-02-04 22:30:00,23.32678
0.08562037039999999,2024-02-04 23:00:00,20.85831
0.086254717,2024-02-04 23:30:00,19.37687
0.0882857143,2024-01-25 00:00:00,18.49
0.0884903846,2024-01-25 00:30:00,18.7518
0.08875,2024-01-25 01:00:00,18.27227
0.0889622642,2024-01-25 01:30:00,18.0947
0.089287037,2024-01-25 02:00:00,18.62253
0.0891574074,2024-01-25 02:30:00,18.33662
0.08920370370000001,2024-01-25 03:00:00,18.17676
0.0895740741,2024-01-25 03:30:00,18.43024
0.0898611111,2024-01-25 04:00:00,18.29624
0.0891909091,2024-01-25 04:30:00,17.85889
0.0891759259,2024-01-25 05:00:00,18.84854
0.12782075469999998,2024-01-25 05:30:00,18.8497
0.16584240579999998,2024-01-25 06:00:00,18.99186
0.1469164017,2024-01-25 06:30:00,18.2192
0.1323979072,2024-01-25 07:00:00,14.7562
0.1276412694,2024-01-25 07:30:00,15.32574
1.7581930313,2024-01-25 08:00:00,10.92036
1.8116205766,2024-01-25 08:30:00,10.67716
1.884375,2024-01-25 09:00:00,8.12037
1.8504056604,2024-01-25 09:30:00,11.52956
1.8734905659999999,2024-01-25 10:00:00,11.8926
1.8138679245,2024-01-25 10:30:00,13.11553
0.6512169811,2024-01-25 11:00:00,12.9857
0.1309814815,2024-01-25 11:30:00,12.69061
0.1291698113,2024-01-25 12:00:00,12.60799
0.1376388889,2024-01-25 12:30:00,11.61868
0.12836792449999998,2024-01-25 13:00:00,11.92123
0.113490566,2024-01-25 13:30:00,10.62897
0.1162314815,2024-01-25 14:00:00,13.53259
1.0409326923000002,2024-01-25 14:30:00,14.46073
0.152625,2024-01-25 15:00:00,15.88481
0.11607547169999999,2024-01-25 15:30:00,24.22339
0.1202962963,2024-01-25 16:00:00,18.05097
0.67712087,2024-01-25 16:30:00,16.87557
1.460564027,2024-01-25 17:00:00,19.95303
0.4670035095,2024-01-25 17:30:00,19.6524
0.5373811905,2024-01-25 18:00:00,31.15173
0.2890758864,2024-01-25 18:30:00,41.29816
1.0604225469000002,2024-01-25 19:00:00,51.70014
0.1346340749,2024-01-25 19:30:00,33.13712
0.5369062450000001,2024-01-25 20:00:00,29.132
0.4926237954,2024-01-25 20:30:00,25.80765
0.6322911400000001,2024-01-25 21:00:00,28.09258
0.08468518520000001,2024-01-25 21:30:00,25.27177
0.08316981130000001,2024-01-25 22:00:00,20.64492
0.6696792453,2024-01-25 22:30:00,22.86784
0.08545370370000001,2024-01-25 23:00:00,20.83215
0.08587962960000001,2024-01-25 23:30:00,18.73392
0.012197683400000001,2024-01-18 00:00:00,18.47656
0.036760712,2024-01-18 00:30:00,16.49705
0.0361808002,2024-01-18 01:00:00,15.59829
0.035289741300000003,2024-01-18 01:30:00,17.21028
0.0357489918,2024-01-18 02:00:00,17.16748
0.0365964831,2024-01-18 02:30:00,17.62821
0.035778441700000004,2024-01-18 03:00:00,16.47257
0.0235251612,2024-01-18 03:30:00,16.34257
0.0,2024-01-18 04:00:00,17.41124
0.0,2024-01-18 04:30:00,18.1145
0.033975,2024-01-18 05:00:00,18.13545
0.1068583333,2024-01-18 05:30:00,18.90528
0.181725,2024-01-18 06:00:00,19.06245
0.151925,2024-01-18 06:30:00,18.44912
0.116440678,2024-01-18 07:00:00,17.18808
0.1158916667,2024-01-18 07:30:00,15.55966
0.115625,2024-01-18 08:00:00,15.05367
0.113875,2024-01-18 08:30:00,32.63956
0.1140333333,2024-01-18 09:00:00,27.82858
0.1189416667,2024-01-18 09:30:00,25.74976
0.1116525424,2024-01-18 10:00:00,15.77498
0.115175,2024-01-18 10:30:00,15.77217
0.120625,2024-01-18 11:00:00,17.92404
0.1146166667,2024-01-18 11:30:00,15.989
0.1142833333,2024-01-18 12:00:00,15.03239
0.1125338983,2024-01-18 12:30:00,16.33342
0.1152583333,2024-01-18 13:00:00,17.20224
0.118625,2024-01-18 13:30:00,26.71689
0.11639932509999999,2024-01-18 14:00:00,18.24385
0.7625774480999999,2024-01-18 14:30:00,32.35321
1.2581885314999999,2024-01-18 15:00:00,41.97713
1.1052581894,2024-01-18 15:30:00,56.28755
1.259746578,2024-01-18 16:00:00,267.78857
0.3185484947,2024-01-18 16:30:00,59.96913
0.1434,2024-01-18 17:00:00,41.66935
0.1041833333,2024-01-18 17:30:00,66.88133
0.09383353409999999,2024-01-18 18:00:00,53.48113
0.0921876582,2024-01-18 18:30:00,39.76723
0.0860083333,2024-01-18 19:00:00,49.99154
0.0862833333,2024-01-18 19:30:00,50.15866
0.0865423729,2024-01-18 20:00:00,62.04523
0.08783333330000001,2024-01-18 20:30:00,79.97844
0.08585,2024-01-18 21:00:00,29.12458
0.0862833333,2024-01-18 21:30:00,31.16371
0.08708333330000001,2024-01-18 22:00:00,28.87677
0.0877711864,2024-01-18 22:30:00,27.11875
0.088225,2024-01-18 23:00:00,31.39749
0.0884333333,2024-01-18 23:30:00,20.4572
0.0868214286,2024-01-22 00:00:00,19.96668
0.1635,2024-01-22 00:30:00,18.73982
0.496925,2024-01-22 01:00:00,21.31441
0.08658333330000001,2024-01-22 01:30:00,19.88007
0.0866,2024-01-22 02:00:00,19.54747
0.0870423729,2024-01-22 02:30:00,18.8972
0.0873583333,2024-01-22 03:00:00,18.849
0.08758333330000001,2024-01-22 03:30:00,18.0766
0.08741666669999999,2024-01-22 04:00:00,17.83851
0.0872416667,2024-01-22 04:30:00,27.35946
0.30925,2024-01-22 05:00:00,23.50424
0.3106525424,2024-01-22 05:30:00,36.20602
0.1343583333,2024-01-22 06:00:00,26.10245
0.1146083333,2024-01-22 06:30:00,18.69065
1.7195916667,2024-01-22 07:00:00,15.10871
2.3407333333,2024-01-22 07:30:00,16.46803
2.7025751167,2024-01-22 08:00:00,14.83324
1.7904034566,2024-01-22 08:30:00,15.69249
1.7979167296999998,2024-01-22 09:00:00,15.19293
3.3986802246,2024-01-22 09:30:00,15.01562
2.542,2024-01-22 10:00:00,15.57534
0.4528823265,2024-01-22 10:30:00,15.69055
1.8392318239,2024-01-22 11:00:00,15.87148
0.21851149849999998,2024-01-22 11:30:00,16.05879
1.4027370869,2024-01-22 12:00:00,16.85305
0.506869141,2024-01-22 12:30:00,18.39214
1.035268425,2024-01-22 13:00:00,14.40279
0.8853615155,2024-01-22 13:30:00,16.29206
0.8803424323000001,2024-01-22 14:00:00,23.56541
0.3891221668,2024-01-22 14:30:00,23.24951
0.7212592593,2024-01-22 15:00:00,19.45451
0.1552685185,2024-01-22 15:30:00,29.66636
0.1266891885,2024-01-22 16:00:00,16.81328
0.8552506889,2024-01-22 16:30:00,16.04821
0.1474326923,2024-01-22 17:00:00,18.10893
0.15907142859999998,2024-01-22 17:30:00,22.10669
0.1133647639,2024-01-22 18:00:00,64.87627
0.31560263850000003,2024-01-22 18:30:00,470.82041
0.2393252092,2024-01-22 19:00:00,93.01578
0.736736595,2024-01-22 19:30:00,41.43978
0.1366952634,2024-01-22 20:00:00,28.80687
0.11019607840000001,2024-01-22 20:30:00,20.54415
0.6798710471,2024-01-22 21:00:00,18.49048
0.5369574721,2024-01-22 21:30:00,21.11685
0.0855660377,2024-01-22 22:00:00,17.2344
0.1338274084,2024-01-22 22:30:00,17.93564
0.5010343978,2024-01-22 23:00:00,18.32965
0.0865,2024-01-22 23:30:00,15.48163
0.0861203704,2024-01-29 00:00:00,20.67349
0.08683018869999999,2024-01-29 00:30:00,24.07197
0.0861442308,2024-01-29 01:00:00,18.96148
0.0861944444,2024-01-29 01:30:00,18.59188
0.08643,2024-01-29 02:00:00,23.55144
0.0865980392,2024-01-29 02:30:00,20.89865
0.0868365385,2024-01-29 03:00:00,18.60094
0.0872592593,2024-01-29 03:30:00,17.75222
0.0872692308,2024-01-29 04:00:00,16.90469
0.0871923077,2024-01-29 04:30:00,19.97133
0.0864326923,2024-01-29 05:00:00,25.41696
0.12007547169999999,2024-01-29 05:30:00,23.42987
0.14754364369999998,2024-01-29 06:00:00,25.42514
0.7261566329,2024-01-29 06:30:00,22.24063
0.1310747804,2024-01-29 07:00:00,18.86163
0.11878852929999999,2024-01-29 07:30:00,19.8867
1.6671913027,2024-01-29 08:00:00,19.61779
2.1164899999999998,2024-01-29 08:30:00,19.99943
2.161,2024-01-29 09:00:00,21.42547
1.7529139979,2024-01-29 09:30:00,27.25179
2.0103752777,2024-01-29 10:00:00,16.00026
1.7320045964000002,2024-01-29 10:30:00,16.83495
0.8349512147,2024-01-29 11:00:00,17.68736
1.274997236,2024-01-29 11:30:00,21.52249
0.9559525866999999,2024-01-29 12:00:00,23.59315
0.7406426063,2024-01-29 12:30:00,27.25124
0.1196079239,2024-01-29 13:00:00,43.01605
1.5243400673,2024-01-29 13:30:00,43.83132
2.03087436,2024-01-29 14:00:00,30.08655
0.10774997,2024-01-29 14:30:00,16.58608
0.1137692308,2024-01-29 15:00:00,23.26384
0.4573076923,2024-01-29 15:30:00,34.68978
0.2881827498,2024-01-29 16:00:00,51.10061
0.2270951691,2024-01-29 16:30:00,50.56082
0.23264570269999998,2024-01-29 17:00:00,54.18442
0.23756545259999998,2024-01-29 17:30:00,51.79288
0.12755317030000002,2024-01-29 18:00:00,782.88831
0.08821999999999999,2024-01-29 18:30:00,1018.62556
0.0873431373,2024-01-29 19:00:00,638.99371
0.0873396226,2024-01-29 19:30:00,43.39503
0.0920754717,2024-01-29 20:00:00,34.76641
0.2671320755,2024-01-29 20:30:00,32.99197
0.4986981132,2024-01-29 21:00:00,32.95475
0.0855566038,2024-01-29 21:30:00,35.36994
0.08601,2024-01-29 22:00:00,32.54972
0.0869716981,2024-01-29 22:30:00,23.48515
0.0865566038,2024-01-29 23:00:00,26.96413
0.0869433962,2024-01-29 23:30:00,47.07684
0.0861851852,2024-01-28 00:00:00,30.55829
0.1888396226,2024-01-28 00:30:00,34.83561
0.6251634615,2024-01-28 01:00:00,29.72576
0.0862924528,2024-01-28 01:30:00,32.75528
0.0856960784,2024-01-28 02:00:00,22.69433
0.0863557692,2024-01-28 02:30:00,23.57663
0.086212963,2024-01-28 03:00:00,23.05256
0.0868653846,2024-01-28 03:30:00,18.23178
0.1109764907,2024-01-28 04:00:00,17.70356
0.1194672589,2024-01-28 04:30:00,15.78111
0.1189976978,2024-01-28 05:00:00,15.51437
0.1202184417,2024-01-28 05:30:00,17.2532
0.1203093405,2024-01-28 06:00:00,16.06367
0.1099393312,2024-01-28 06:30:00,15.75023
0.1444393208,2024-01-28 07:00:00,18.71759
0.12238461540000001,2024-01-28 07:30:00,26.64959
1.7490566038,2024-01-28 08:00:00,26.13696
1.7287736505,2024-01-28 08:30:00,34.73332
1.719860584,2024-01-28 09:00:00,19.05261
1.7095612747,2024-01-28 09:30:00,39.58608
1.6919638256999998,2024-01-28 10:00:00,18.11101
1.7243895216,2024-01-28 10:30:00,16.3558
0.8214660624000001,2024-01-28 11:00:00,14.07537
0.404169442,2024-01-28 11:30:00,13.03079
0.46611156849999996,2024-01-28 12:00:00,12.55317
0.1118596603,2024-01-28 12:30:00,12.85335
0.43939,2024-01-28 13:00:00,13.33331
1.50975,2024-01-28 13:30:00,14.45266
1.6788557692,2024-01-28 14:00:00,15.81556
0.5608431373,2024-01-28 14:30:00,15.36592
0.8584622642,2024-01-28 15:00:00,14.91388
0.3868962264,2024-01-28 15:30:00,11.66201
0.36506,2024-01-28 16:00:00,16.12519
0.11341666669999999,2024-01-28 16:30:00,16.07305
0.1137254902,2024-01-28 17:00:00,22.09275
0.1384056604,2024-01-28 17:30:00,21.58973
0.2149770948,2024-01-28 18:00:00,353.34517
0.2531672165,2024-01-28 18:30:00,129.17423
0.6992415729,2024-01-28 19:00:00,110.65549
0.2117318688,2024-01-28 19:30:00,50.20354
0.1732735849,2024-01-28 20:00:00,50.71351
0.652,2024-01-28 20:30:00,29.87763
0.084962963,2024-01-28 21:00:00,32.96592
0.08591666669999999,2024-01-28 21:30:00,38.08272
0.08495370370000001,2024-01-28 22:00:00,22.98705
0.08495454549999999,2024-01-28 22:30:00,23.22586
0.0853148148,2024-01-28 23:00:00,21.48154
0.0860727273,2024-01-28 23:30:00,21.33419
